AppointmentID,Date,Description,FirstName,LastName
1000000012,2/12/2022,CERTIFIED USED CAR PURCHASE,ALBINA,GLICK
1000000002,12/29/2021,TRANSMISSION SERVICE,KRIS,MARRIER
1000000003,2/12/2022,OIL CHANGE & TIRE ROTATION,EZEKIEL,CHUI
1000000004,2/12/2022,OIL CHANGE & TIRE ROTATION,ROXANE,CAMPAIN
1000000005,12/12/2022,TIRE ROTATION,JAMES,BUTT
1000001055,8/12/2022,CERTIFIED USED CAR 6 MONTH SERVICE,ALBINA,GLICK
1000002077,12/12/2022,CERTIFIED USED CAR 1 YEAR SERVICE,ALBINA,GLICK
1000004802,12/12/2023,CERTIFIED USED CAR 2 YEAR SERVICE,ALBINA,GLICK
