ContactID,FirstName,LastName,PhoneNumber,StreetAddress,City,State,Zip
1000000001,JAMES,BUTT,5048451427,6649 N BLUE GUM ST,NEW ORLEANS,LA,70116
1000000002,JOSEPHINE,DARAKJY,8103749840,4 B BLUE RIDGE BLVD,BRIGHTON,MI,48116
1000000003,ART,VENERE,8562644130,8 W CERRITOS AVE #54,BRIDGEPORT,NJ,8014
1000000004,LENNA,PAPROCKI,9079212010,639 MAIN ST,ANCHORAGE,AK,99501
1000000005,DONETTE,FOLLER,5135494561,34 CENTER ST,HAMILTON,OH,45011
1000000006,SIMONA,MORASCA,4198006759,3 MCAULEY DR,ASHLAND,OH,44805
1000000007,MITSUE,TOLLNER,7739248565,7 EADS ST,CHICAGO,IL,60632
1000000008,LEOTA,DILLIARD,4088131105,7 W JACKSON BLVD,SAN JOSE,CA,95111
1000000009,SAGE,WIESER,6057944895,5 BOSTON AVE #88,SIOUX FALLS,SD,57105
1000000010,KRIS,MARRIER,4108044694,228 RUNAMUCK PL #2808,BALTIMORE,MD,21224
1000000011,MINNA,AMIGON,2154228694,2371 JERROLD AVE,KULPSVILLE,PA,19443
1000000012,ABEL,MACLEAD,6316773675,37275 ST  RT 17M M,MIDDLE ISLAND,NY,11953
1000000013,KILEY,CALDARERA,3102543084,25 E 75TH ST #69,LOS ANGELES,CA,90034
1000000014,GRACIELA,RUTA,4405797763,98 CONNECTICUT AVE NW,CHAGRIN FALLS,OH,44023
1000000015,CAMMY,ALBARES,9568417216,56 E MOREHEAD ST,LAREDO,TX,78045
1000000016,MATTIE,POQUETTE,6029536360,73 STATE ROAD 434 E,PHOENIX,AZ,85013
1000000017,MEAGHAN,GARUFI,9312357959,69734 E CARRILLO ST,MC MINNVILLE,TN,37110
1000000018,GLADYS,RIM,4143772880,322 NEW HORIZON BLVD,MILWAUKEE,WI,53207
1000000019,YUKI,WHOBREY,3133414470,1 STATE ROUTE 27,TAYLOR,MI,48180
1000000020,FLETCHER,FLOSI,8154265657,394 MANCHESTER BLVD,ROCKFORD,IL,61109
1000000021,BETTE,NICKA,6104924643,6 S 33RD ST,ASTON,PA,19014
1000000022,VERONIKA,INOUYE,4088134592,6 GREENLEAF AVE,SAN JOSE,CA,95111
1000000023,WILLARD,KOLMETZ,9728964882,618 W YAKIMA AVE,IRVING,TX,75062
1000000024,MARYANN,ROYSTER,5184488982,74 S WESTGATE ST,ALBANY,NY,12204
1000000025,ALISHA,SLUSARSKI,7326353453,3273 STATE ST,MIDDLESEX,NJ,8846
1000000026,ALLENE,ITURBIDE,7155309863,1 CENTRAL AVE,STEVENS POINT,WI,54481
1000000027,CHANEL,CAUDY,9138991103,86 NW 66TH ST #8673,SHAWNEE,KS,66218
1000000028,EZEKIEL,CHUI,4102358738,2 CEDAR AVE #84,EASTON,MD,21601
1000000029,WILLOW,KUSKO,2129345167,90991 THORBURN AVE,NEW YORK,NY,10011
1000000030,BERNARDO,FIGEROA,9365973614,386 9TH AVE N,CONROE,TX,77301
1000000031,AMMIE,CORRIO,6146483265,74874 ATLANTIC AVE,COLUMBUS,OH,43215
1000000032,FRANCINE,VOCELKA,5053355293,366 SOUTH DR,LAS CRUCES,NM,88011
1000000033,ERNIE,STENSETH,2013879093,45 E LIBERTY ST,RIDGEFIELD PARK,NJ,7660
1000000034,ALBINA,GLICK,7327826701,4 RALPH CT,DUNELLEN,NJ,8812
1000000035,ALISHIA,SERGI,2127532740,2742 DISTRIBUTION WAY,NEW YORK,NY,10025
1000000036,SOLANGE,SHINKO,5042658174,426 WOLF ST,METAIRIE,LA,70002
1000000037,JOSE,STOCKHAM,2125694233,128 BRANSTEN RD,NEW YORK,NY,10011
1000000038,ROZELLA,OSTROSKY,8056091531,17 MORENA BLVD,CAMARILLO,CA,93012
1000000039,VALENTINE,GILLIAN,2103006244,775 W 17TH ST,SAN ANTONIO,TX,78204
1000000040,KATI,RULAPAUGH,7852197724,6980 DORSETT RD,ABILENE,KS,67410
1000000041,YOULANDA,SCHEMMER,5419932611,2881 LEWIS RD,PRINEVILLE,OR,97754
1000000042,DYAN,OLDROYD,9136458918,7219 WOODFIELD RD,OVERLAND PARK,KS,66204
1000000043,ROXANE,CAMPAIN,9073356568,1048 MAIN ST,FAIRBANKS,AK,99708
1000000044,LAVERA,PERIN,3059952078,678 3RD AVE,MIAMI,FL,33196
1000000045,ERICK,FERENCZ,9072276777,20 S BABCOCK ST,FAIRBANKS,AK,99712
1000000046,FATIMA,SAYLORS,9524792375,2 LIGHTHOUSE AVE,HOPKINS,MN,55343
1000000047,JINA,BRIDDICK,6179975771,38938 PARK BLVD,BOSTON,MA,2128
1000000048,KANISHA,WAYCOTT,3233157314,5 TOMAHAWK DR,LOS ANGELES,CA,90006
1000000049,EMERSON,BOWLEY,6086587940,762 S MAIN ST,MADISON,WI,53711
1000000050,BLAIR,MALET,2157944519,209 DECKER DR,PHILADELPHIA,PA,19132
